{
  "hash": "d5c3db7b",
  "configHash": "9c6472a1",
  "lockfileHash": "7e535d0b",
  "browserHash": "2b24e5ea",
  "optimized": {
    "@angular/common": {
      "src": "../../../../../../node_modules/@angular/common/fesm2022/common.mjs",
      "file": "@angular_common.js",
      "fileHash": "8f3672f0",
      "needsInterop": false
    },
    "@angular/core": {
      "src": "../../../../../../node_modules/@angular/core/fesm2022/core.mjs",
      "file": "@angular_core.js",
      "fileHash": "5d95b3db",
      "needsInterop": false
    },
    "@angular/fire/compat": {
      "src": "../../../../../../node_modules/@angular/fire/fesm2022/angular-fire-compat.mjs",
      "file": "@angular_fire_compat.js",
      "fileHash": "35548e29",
      "needsInterop": false
    },
    "@angular/fire/compat/auth": {
      "src": "../../../../../../node_modules/@angular/fire/fesm2022/angular-fire-compat-auth.mjs",
      "file": "@angular_fire_compat_auth.js",
      "fileHash": "ba6a2d0e",
      "needsInterop": false
    },
    "@angular/fire/compat/firestore": {
      "src": "../../../../../../node_modules/@angular/fire/fesm2022/angular-fire-compat-firestore.mjs",
      "file": "@angular_fire_compat_firestore.js",
      "fileHash": "4da319d7",
      "needsInterop": false
    },
    "@angular/fire/compat/storage": {
      "src": "../../../../../../node_modules/@angular/fire/fesm2022/angular-fire-compat-storage.mjs",
      "file": "@angular_fire_compat_storage.js",
      "fileHash": "846b8539",
      "needsInterop": false
    },
    "@angular/forms": {
      "src": "../../../../../../node_modules/@angular/forms/fesm2022/forms.mjs",
      "file": "@angular_forms.js",
      "fileHash": "95b84ae6",
      "needsInterop": false
    },
    "@angular/platform-browser": {
      "src": "../../../../../../node_modules/@angular/platform-browser/fesm2022/platform-browser.mjs",
      "file": "@angular_platform-browser.js",
      "fileHash": "45b926b3",
      "needsInterop": false
    },
    "@angular/platform-server": {
      "src": "../../../../../../node_modules/@angular/platform-server/fesm2022/platform-server.mjs",
      "file": "@angular_platform-server.js",
      "fileHash": "7b3865ed",
      "needsInterop": false
    },
    "@angular/router": {
      "src": "../../../../../../node_modules/@angular/router/fesm2022/router.mjs",
      "file": "@angular_router.js",
      "fileHash": "ab493c13",
      "needsInterop": false
    },
    "chart.js/auto": {
      "src": "../../../../../../node_modules/chart.js/auto/auto.js",
      "file": "chart__js_auto.js",
      "fileHash": "92948fe4",
      "needsInterop": false
    },
    "rxjs": {
      "src": "../../../../../../node_modules/rxjs/dist/cjs/index.js",
      "file": "rxjs.js",
      "fileHash": "a9d7ba48",
      "needsInterop": true
    },
    "rxjs/operators": {
      "src": "../../../../../../node_modules/rxjs/dist/cjs/operators/index.js",
      "file": "rxjs_operators.js",
      "fileHash": "5849c675",
      "needsInterop": true
    }
  },
  "chunks": {
    "dist-2HDVBEDK": {
      "file": "dist-2HDVBEDK.js"
    },
    "xhr2-3TESS4KC": {
      "file": "xhr2-3TESS4KC.js"
    },
    "chunk-GIKJLUUA": {
      "file": "chunk-GIKJLUUA.js"
    },
    "chunk-RSA4Y4B6": {
      "file": "chunk-RSA4Y4B6.js"
    },
    "chunk-WLTG5KEO": {
      "file": "chunk-WLTG5KEO.js"
    },
    "chunk-D5NCJWRM": {
      "file": "chunk-D5NCJWRM.js"
    },
    "chunk-2S6N7PRS": {
      "file": "chunk-2S6N7PRS.js"
    },
    "chunk-7DHJRVJV": {
      "file": "chunk-7DHJRVJV.js"
    },
    "chunk-UNKE6CQ5": {
      "file": "chunk-UNKE6CQ5.js"
    },
    "chunk-4JLAEOKH": {
      "file": "chunk-4JLAEOKH.js"
    },
    "chunk-JCK2OIYT": {
      "file": "chunk-JCK2OIYT.js"
    },
    "chunk-VFW7PX74": {
      "file": "chunk-VFW7PX74.js"
    },
    "chunk-KKWATYV7": {
      "file": "chunk-KKWATYV7.js"
    },
    "chunk-CTUJN5VU": {
      "file": "chunk-CTUJN5VU.js"
    },
    "chunk-LKDWXENB": {
      "file": "chunk-LKDWXENB.js"
    }
  }
}