{
  "firestore": {
    "rules": "firestore.rules",
    "indexes": "firestore.indexes.json"
  },
  "emulators": {
    "dataconnect": {
      "dataDir": "dataconnect/.dataconnect/pgliteData"
    },
    "firestore": {
      "port": 8080
    },
    "storage": {
      "port": 9199
    }
  },
  "dataconnect": {
    "source": "dataconnect"
  },
  "storage": {
    "rules": "storage.rules"
  },
  "database": {
    "rules": "database.rules.json"
  },
  "hosting": {
    "source": ".",
    "ignore": [
      "firebase.json",
      "**/.*",
      "**/node_modules/**"
    ],
    "frameworksBackend": {
      "region": "us-central1"
    }
  }
}
